pin_id,success,length_mm,path
1,1,10.00,4.0:0.0 3.0:0.0 3.0:1.0 2.0:1.0 2.0:2.0 2.0:3.0 2.0:4.0 2.0:5.0 2.0:6.0 2.0:7.0 3.0:7.0
2,1,7.00,5.0:0.0 5.0:1.0 5.0:2.0 5.0:3.0 5.0:4.0 5.0:5.0 5.0:6.0 5.0:7.0
3,1,10.00,5.0:0.0 5.0:1.0 5.0:2.0 6.0:2.0 6.0:3.0 6.0:4.0 6.0:5.0 6.0:6.0 6.0:7.0 6.0:8.0 6.0:9.0
4,1,12.00,6.0:0.0 6.0:1.0 5.0:1.0 4.0:1.0 4.0:2.0 3.0:2.0 3.0:3.0 3.0:4.0 3.0:5.0 3.0:6.0 3.0:7.0 3.0:8.0 3.0:9.0
5,1,7.00,7.0:0.0 7.0:1.0 7.0:2.0 7.0:3.0 7.0:4.0 7.0:5.0 7.0:6.0 7.0:7.0
6,1,10.00,7.0:0.0 7.0:1.0 7.0:2.0 7.0:3.0 7.0:4.0 7.0:5.0 7.0:6.0 7.0:7.0 7.0:8.0 7.0:9.0 8.0:9.0
7,1,11.00,8.0:0.0 8.0:1.0 8.0:2.0 8.0:3.0 8.0:4.0 8.0:5.0 8.0:6.0 8.0:7.0 8.0:8.0 8.0:9.0 8.0:10.0 8.0:11.0
8,1,11.00,9.0:0.0 9.0:1.0 9.0:2.0 10.0:2.0 11.0:2.0 11.0:3.0 11.0:4.0 11.0:5.0 11.0:6.0 11.0:7.0 10.0:7.0 9.0:7.0
9,1,10.00,9.0:0.0 9.0:1.0 9.0:2.0 9.0:3.0 9.0:4.0 9.0:5.0 9.0:6.0 9.0:7.0 9.0:8.0 9.0:9.0 10.0:9.0
10,1,11.00,10.0:0.0 10.0:1.0 10.0:2.0 10.0:3.0 10.0:4.0 10.0:5.0 10.0:6.0 10.0:7.0 10.0:8.0 10.0:9.0 10.0:10.0 10.0:11.0
11,1,7.00,11.0:0.0 11.0:1.0 11.0:2.0 11.0:3.0 11.0:4.0 11.0:5.0 11.0:6.0 11.0:7.0
12,1,10.00,11.0:0.0 11.0:1.0 12.0:1.0 12.0:2.0 12.0:3.0 12.0:4.0 12.0:5.0 12.0:6.0 12.0:7.0 12.0:8.0 12.0:9.0
13,1,8.00,12.0:0.0 12.0:1.0 13.0:1.0 13.0:2.0 13.0:3.0 13.0:4.0 13.0:5.0 13.0:6.0 13.0:7.0
14,1,11.00,13.0:0.0 13.0:1.0 14.0:1.0 15.0:1.0 15.0:2.0 15.0:3.0 15.0:4.0 15.0:5.0 15.0:6.0 15.0:7.0 15.0:8.0 15.0:9.0
15,1,11.00,13.0:0.0 14.0:0.0 15.0:0.0 16.0:0.0 16.0:1.0 17.0:1.0 17.0:2.0 17.0:3.0 17.0:4.0 17.0:5.0 17.0:6.0 17.0:7.0
16,1,8.00,14.0:0.0 14.0:1.0 14.0:2.0 14.0:3.0 14.0:4.0 14.0:5.0 14.0:6.0 14.0:7.0 15.0:7.0
17,1,10.00,20.0:0.0 19.0:0.0 19.0:1.0 18.0:1.0 18.0:2.0 18.0:3.0 18.0:4.0 18.0:5.0 18.0:6.0 18.0:7.0 19.0:7.0
18,1,7.00,21.0:0.0 21.0:1.0 21.0:2.0 21.0:3.0 21.0:4.0 21.0:5.0 21.0:6.0 21.0:7.0
19,1,9.00,22.0:0.0 22.0:1.0 22.0:2.0 22.0:3.0 22.0:4.0 22.0:5.0 22.0:6.0 22.0:7.0 22.0:8.0 22.0:9.0
20,1,12.00,22.0:0.0 22.0:1.0 21.0:1.0 20.0:1.0 20.0:2.0 19.0:2.0 19.0:3.0 19.0:4.0 19.0:5.0 19.0:6.0 19.0:7.0 19.0:8.0 19.0:9.0
21,1,7.00,23.0:0.0 23.0:1.0 23.0:2.0 23.0:3.0 23.0:4.0 23.0:5.0 23.0:6.0 23.0:7.0
22,1,11.00,24.0:0.0 23.0:0.0 23.0:1.0 23.0:2.0 23.0:3.0 23.0:4.0 23.0:5.0 23.0:6.0 23.0:7.0 23.0:8.0 23.0:9.0 24.0:9.0
23,1,11.00,24.0:0.0 24.0:1.0 24.0:2.0 24.0:3.0 24.0:4.0 24.0:5.0 24.0:6.0 24.0:7.0 24.0:8.0 24.0:9.0 24.0:10.0 24.0:11.0
24,1,7.00,25.0:0.0 25.0:1.0 25.0:2.0 25.0:3.0 25.0:4.0 25.0:5.0 25.0:6.0 25.0:7.0
25,1,11.00,26.0:0.0 25.0:0.0 25.0:1.0 25.0:2.0 25.0:3.0 25.0:4.0 25.0:5.0 25.0:6.0 25.0:7.0 25.0:8.0 25.0:9.0 26.0:9.0
26,1,11.00,26.0:0.0 26.0:1.0 26.0:2.0 26.0:3.0 26.0:4.0 26.0:5.0 26.0:6.0 26.0:7.0 26.0:8.0 26.0:9.0 26.0:10.0 26.0:11.0
27,1,7.00,27.0:0.0 27.0:1.0 27.0:2.0 27.0:3.0 27.0:4.0 27.0:5.0 27.0:6.0 27.0:7.0
28,1,11.00,28.0:0.0 27.0:0.0 27.0:1.0 27.0:2.0 27.0:3.0 27.0:4.0 27.0:5.0 27.0:6.0 27.0:7.0 27.0:8.0 27.0:9.0 28.0:9.0
29,1,11.00,28.0:0.0 28.0:1.0 28.0:2.0 28.0:3.0 28.0:4.0 28.0:5.0 28.0:6.0 28.0:7.0 28.0:8.0 28.0:9.0 28.0:10.0 28.0:11.0
30,1,7.00,29.0:0.0 29.0:1.0 29.0:2.0 29.0:3.0 29.0:4.0 29.0:5.0 29.0:6.0 29.0:7.0
31,1,9.00,30.0:0.0 30.0:1.0 30.0:2.0 30.0:3.0 30.0:4.0 30.0:5.0 30.0:6.0 30.0:7.0 30.0:8.0 30.0:9.0
32,1,10.00,30.0:0.0 29.0:0.0 29.0:1.0 29.0:2.0 29.0:3.0 29.0:4.0 29.0:5.0 29.0:6.0 29.0:7.0 30.0:7.0 31.0:7.0
33,1,11.00,31.0:0.0 31.0:1.0 31.0:2.0 31.0:3.0 31.0:4.0 31.0:5.0 31.0:6.0 31.0:7.0 31.0:8.0 31.0:9.0 31.0:10.0 31.0:11.0
34,1,9.00,32.0:0.0 32.0:1.0 32.0:2.0 32.0:3.0 32.0:4.0 32.0:5.0 32.0:6.0 32.0:7.0 32.0:8.0 32.0:9.0
35,1,8.00,32.0:0.0 32.0:1.0 32.0:2.0 33.0:2.0 33.0:3.0 33.0:4.0 33.0:5.0 33.0:6.0 33.0:7.0
36,1,11.00,33.0:0.0 33.0:1.0 33.0:2.0 33.0:3.0 33.0:4.0 33.0:5.0 33.0:6.0 33.0:7.0 33.0:8.0 33.0:9.0 33.0:10.0 33.0:11.0
37,1,9.00,34.0:0.0 34.0:1.0 34.0:2.0 34.0:3.0 34.0:4.0 34.0:5.0 34.0:6.0 34.0:7.0 34.0:8.0 34.0:9.0
38,1,7.00,35.0:0.0 35.0:1.0 35.0:2.0 35.0:3.0 35.0:4.0 35.0:5.0 35.0:6.0 35.0:7.0
39,1,11.00,35.0:0.0 35.0:1.0 35.0:2.0 35.0:3.0 35.0:4.0 35.0:5.0 35.0:6.0 35.0:7.0 35.0:8.0 35.0:9.0 35.0:10.0 35.0:11.0
40,1,9.00,36.0:0.0 36.0:1.0 36.0:2.0 36.0:3.0 36.0:4.0 36.0:5.0 36.0:6.0 36.0:7.0 36.0:8.0 36.0:9.0
41,1,7.00,37.0:0.0 37.0:1.0 37.0:2.0 37.0:3.0 37.0:4.0 37.0:5.0 37.0:6.0 37.0:7.0
42,1,11.00,37.0:0.0 37.0:1.0 37.0:2.0 37.0:3.0 37.0:4.0 37.0:5.0 37.0:6.0 37.0:7.0 37.0:8.0 37.0:9.0 37.0:10.0 37.0:11.0
43,1,9.00,38.0:0.0 38.0:1.0 38.0:2.0 38.0:3.0 38.0:4.0 38.0:5.0 38.0:6.0 38.0:7.0 38.0:8.0 38.0:9.0
44,1,11.00,39.0:0.0 39.0:1.0 39.0:2.0 40.0:2.0 41.0:2.0 41.0:3.0 41.0:4.0 41.0:5.0 41.0:6.0 41.0:7.0 40.0:7.0 39.0:7.0
45,1,11.00,39.0:0.0 39.0:1.0 39.0:2.0 39.0:3.0 39.0:4.0 39.0:5.0 39.0:6.0 39.0:7.0 39.0:8.0 39.0:9.0 39.0:10.0 39.0:11.0
46,1,9.00,40.0:0.0 40.0:1.0 40.0:2.0 40.0:3.0 40.0:4.0 40.0:5.0 40.0:6.0 40.0:7.0 40.0:8.0 40.0:9.0
47,1,7.00,41.0:0.0 41.0:1.0 41.0:2.0 41.0:3.0 41.0:4.0 41.0:5.0 41.0:6.0 41.0:7.0
48,1,11.00,41.0:0.0 41.0:1.0 42.0:1.0 42.0:2.0 42.0:3.0 42.0:4.0 42.0:5.0 42.0:6.0 42.0:7.0 42.0:8.0 42.0:9.0 42.0:10.0
49,1,10.00,42.0:0.0 43.0:0.0 44.0:0.0 45.0:0.0 45.0:1.0 45.0:2.0 45.0:3.0 45.0:4.0 45.0:5.0 45.0:6.0 45.0:7.0
50,1,7.00,43.0:0.0 43.0:1.0 43.0:2.0 43.0:3.0 43.0:4.0 43.0:5.0 43.0:6.0 43.0:7.0
51,1,10.00,43.0:0.0 43.0:1.0 43.0:2.0 43.0:3.0 43.0:4.0 43.0:5.0 43.0:6.0 43.0:7.0 43.0:8.0 43.0:9.0 44.0:9.0
52,1,11.00,44.0:0.0 44.0:1.0 44.0:2.0 44.0:3.0 44.0:4.0 44.0:5.0 44.0:6.0 44.0:7.0 44.0:8.0 44.0:9.0 44.0:10.0 44.0:11.0
